sourceId,factOrSlot,reason
ORD001,SHIPMENT_DETAIL,DATE_AND_DELIVERY_ADDRESS_NOT_SUPPLIED
ORD002,SHIPMENT_DETAIL,DATE_AND_DELIVERY_ADDRESS_NOT_SUPPLIED
ORD004,SHIPMENT_DETAIL,DATE_AND_DELIVERY_ADDRESS_NOT_SUPPLIED
ORD005,SHIPMENT_DETAIL,DATE_AND_DELIVERY_ADDRESS_NOT_SUPPLIED
ORD008,SHIPMENT_DETAIL,DATE_AND_DELIVERY_ADDRESS_NOT_SUPPLIED
ORD011,SHIPMENT_DETAIL,DATE_AND_DELIVERY_ADDRESS_NOT_SUPPLIED
ORD014,SHIPMENT_DETAIL,DATE_AND_DELIVERY_ADDRESS_NOT_SUPPLIED
ORD015,SHIPMENT_DETAIL,DATE_AND_DELIVERY_ADDRESS_NOT_SUPPLIED
ORD018,SHIPMENT_DETAIL,DATE_AND_DELIVERY_ADDRESS_NOT_SUPPLIED
ORD022,SHIPMENT_DETAIL,DATE_AND_DELIVERY_ADDRESS_NOT_SUPPLIED
ORD023,SHIPMENT_DETAIL,DATE_AND_DELIVERY_ADDRESS_NOT_SUPPLIED
ORD026,SHIPMENT_DETAIL,DATE_AND_DELIVERY_ADDRESS_NOT_SUPPLIED
ORD028,SHIPMENT_DETAIL,DATE_AND_DELIVERY_ADDRESS_NOT_SUPPLIED
ORD030,SHIPMENT_DETAIL,DATE_AND_DELIVERY_ADDRESS_NOT_SUPPLIED
ORD031,SHIPMENT_DETAIL,DATE_AND_DELIVERY_ADDRESS_NOT_SUPPLIED
ORD032,SHIPMENT_DETAIL,DATE_AND_DELIVERY_ADDRESS_NOT_SUPPLIED
ORD034,SHIPMENT_DETAIL,DATE_AND_DELIVERY_ADDRESS_NOT_SUPPLIED
ORD035,SHIPMENT_DETAIL,DATE_AND_DELIVERY_ADDRESS_NOT_SUPPLIED
ORD036,SHIPMENT_DETAIL,DATE_AND_DELIVERY_ADDRESS_NOT_SUPPLIED
ORD037,SHIPMENT_DETAIL,DATE_AND_DELIVERY_ADDRESS_NOT_SUPPLIED
ORD038,SHIPMENT_DETAIL,DATE_AND_DELIVERY_ADDRESS_NOT_SUPPLIED
ORD039,SHIPMENT_DETAIL,DATE_AND_DELIVERY_ADDRESS_NOT_SUPPLIED
ORD041,SHIPMENT_DETAIL,DATE_AND_DELIVERY_ADDRESS_NOT_SUPPLIED
ORD049,SHIPMENT_DETAIL,DATE_AND_DELIVERY_ADDRESS_NOT_SUPPLIED
ORD050,SHIPMENT_DETAIL,DATE_AND_DELIVERY_ADDRESS_NOT_SUPPLIED
ORD051,SHIPMENT_DETAIL,DATE_AND_DELIVERY_ADDRESS_NOT_SUPPLIED
ORD055,SHIPMENT_DETAIL,DATE_AND_DELIVERY_ADDRESS_NOT_SUPPLIED
ORD059,SHIPMENT_DETAIL,DATE_AND_DELIVERY_ADDRESS_NOT_SUPPLIED
ORD062,SHIPMENT_DETAIL,DATE_AND_DELIVERY_ADDRESS_NOT_SUPPLIED
ORD063,SHIPMENT_DETAIL,DATE_AND_DELIVERY_ADDRESS_NOT_SUPPLIED
ORD064,SHIPMENT_DETAIL,DATE_AND_DELIVERY_ADDRESS_NOT_SUPPLIED
ORD065,SHIPMENT_DETAIL,DATE_AND_DELIVERY_ADDRESS_NOT_SUPPLIED
ORD068,SHIPMENT_DETAIL,DATE_AND_DELIVERY_ADDRESS_NOT_SUPPLIED
ORD071,SHIPMENT_DETAIL,DATE_AND_DELIVERY_ADDRESS_NOT_SUPPLIED
ORD073,SHIPMENT_DETAIL,DATE_AND_DELIVERY_ADDRESS_NOT_SUPPLIED
ORD079,SHIPMENT_DETAIL,DATE_AND_DELIVERY_ADDRESS_NOT_SUPPLIED
ORD085,SHIPMENT_DETAIL,DATE_AND_DELIVERY_ADDRESS_NOT_SUPPLIED
ORD086,SHIPMENT_DETAIL,DATE_AND_DELIVERY_ADDRESS_NOT_SUPPLIED
ORD089,SHIPMENT_DETAIL,DATE_AND_DELIVERY_ADDRESS_NOT_SUPPLIED
ORD090,SHIPMENT_DETAIL,DATE_AND_DELIVERY_ADDRESS_NOT_SUPPLIED
ORD091,SHIPMENT_DETAIL,DATE_AND_DELIVERY_ADDRESS_NOT_SUPPLIED
ORD093,SHIPMENT_DETAIL,DATE_AND_DELIVERY_ADDRESS_NOT_SUPPLIED
ORD095,SHIPMENT_DETAIL,DATE_AND_DELIVERY_ADDRESS_NOT_SUPPLIED
ORD098,SHIPMENT_DETAIL,DATE_AND_DELIVERY_ADDRESS_NOT_SUPPLIED
ORD100,SHIPMENT_DETAIL,DATE_AND_DELIVERY_ADDRESS_NOT_SUPPLIED
ORD101,SHIPMENT_DETAIL,DATE_AND_DELIVERY_ADDRESS_NOT_SUPPLIED
ORD102,SHIPMENT_DETAIL,DATE_AND_DELIVERY_ADDRESS_NOT_SUPPLIED
ORD103,SHIPMENT_DETAIL,DATE_AND_DELIVERY_ADDRESS_NOT_SUPPLIED
ORD106,SHIPMENT_DETAIL,DATE_AND_DELIVERY_ADDRESS_NOT_SUPPLIED
ORD107,SHIPMENT_DETAIL,DATE_AND_DELIVERY_ADDRESS_NOT_SUPPLIED
ORD108,SHIPMENT_DETAIL,DATE_AND_DELIVERY_ADDRESS_NOT_SUPPLIED
ORD114,SHIPMENT_DETAIL,DATE_AND_DELIVERY_ADDRESS_NOT_SUPPLIED
ORD115,SHIPMENT_DETAIL,DATE_AND_DELIVERY_ADDRESS_NOT_SUPPLIED
ORD116,SHIPMENT_DETAIL,DATE_AND_DELIVERY_ADDRESS_NOT_SUPPLIED
ORD117,SHIPMENT_DETAIL,DATE_AND_DELIVERY_ADDRESS_NOT_SUPPLIED
ORD119,SHIPMENT_DETAIL,DATE_AND_DELIVERY_ADDRESS_NOT_SUPPLIED
ORD120,SHIPMENT_DETAIL,DATE_AND_DELIVERY_ADDRESS_NOT_SUPPLIED
ORD122,SHIPMENT_DETAIL,DATE_AND_DELIVERY_ADDRESS_NOT_SUPPLIED
ORD124,SHIPMENT_DETAIL,DATE_AND_DELIVERY_ADDRESS_NOT_SUPPLIED
ORD126,SHIPMENT_DETAIL,DATE_AND_DELIVERY_ADDRESS_NOT_SUPPLIED
ORD128,SHIPMENT_DETAIL,DATE_AND_DELIVERY_ADDRESS_NOT_SUPPLIED
ORD129,SHIPMENT_DETAIL,DATE_AND_DELIVERY_ADDRESS_NOT_SUPPLIED
ORD131,SHIPMENT_DETAIL,DATE_AND_DELIVERY_ADDRESS_NOT_SUPPLIED
ORD134,SHIPMENT_DETAIL,DATE_AND_DELIVERY_ADDRESS_NOT_SUPPLIED
ORD135,SHIPMENT_DETAIL,DATE_AND_DELIVERY_ADDRESS_NOT_SUPPLIED
ORD137,SHIPMENT_DETAIL,DATE_AND_DELIVERY_ADDRESS_NOT_SUPPLIED
ORD142,SHIPMENT_DETAIL,DATE_AND_DELIVERY_ADDRESS_NOT_SUPPLIED
ORD144,SHIPMENT_DETAIL,DATE_AND_DELIVERY_ADDRESS_NOT_SUPPLIED
ORD145,SHIPMENT_DETAIL,DATE_AND_DELIVERY_ADDRESS_NOT_SUPPLIED
ORD146,SHIPMENT_DETAIL,DATE_AND_DELIVERY_ADDRESS_NOT_SUPPLIED
ORD147,SHIPMENT_DETAIL,DATE_AND_DELIVERY_ADDRESS_NOT_SUPPLIED
ORD150,SHIPMENT_DETAIL,DATE_AND_DELIVERY_ADDRESS_NOT_SUPPLIED
CUST005,1,SHARED_PHONE_VALUE
CUST009,1,SHARED_PHONE_VALUE
CUST018,1,SHARED_PHONE_VALUE
CUST020,1,SHARED_PHONE_VALUE
CUST022,2,SHARED_PHONE_VALUE
CUST025,2,SHARED_PHONE_VALUE
CUST044,1,SHARED_PHONE_VALUE
