sourceRowNumber,orderId,productId,disposition,reason
2,ORD077,PROD003,QUARANTINED_OTHER,UNREPRESENTABLE_SHIPMENT_STATUS
3,ORD090,PROD008,IMPORTED,UNIQUE_LINE_AND_CONSISTENT_HEADER
4,ORD117,PROD007,IMPORTED,UNIQUE_LINE_AND_CONSISTENT_HEADER
5,ORD117,PROD010,IMPORTED,UNIQUE_LINE_AND_CONSISTENT_HEADER
6,ORD117,PROD006,IMPORTED,UNIQUE_LINE_AND_CONSISTENT_HEADER
7,ORD135,PROD003,IMPORTED,UNIQUE_LINE_AND_CONSISTENT_HEADER
8,ORD004,PROD010,IMPORTED,UNIQUE_LINE_AND_CONSISTENT_HEADER
9,ORD004,PROD006,IMPORTED,UNIQUE_LINE_AND_CONSISTENT_HEADER
10,ORD001,PROD002,IMPORTED,UNIQUE_LINE_AND_CONSISTENT_HEADER
11,ORD093,PROD001,IMPORTED,UNIQUE_LINE_AND_CONSISTENT_HEADER
12,ORD055,PROD010,IMPORTED,UNIQUE_LINE_AND_CONSISTENT_HEADER
13,ORD046,PROD010,QUARANTINED_AMBIGUOUS_PAIR,ORDER_CONTAINS_AMBIGUOUS_PAIR
14,ORD046,PROD010,QUARANTINED_AMBIGUOUS_PAIR,ORDER_CONTAINS_AMBIGUOUS_PAIR
15,ORD046,PROD007,QUARANTINED_OTHER,ORDER_CONTAINS_AMBIGUOUS_PAIR
16,ORD028,PROD010,IMPORTED,UNIQUE_LINE_AND_CONSISTENT_HEADER
17,ORD028,PROD008,IMPORTED,UNIQUE_LINE_AND_CONSISTENT_HEADER
18,ORD028,PROD009,IMPORTED,UNIQUE_LINE_AND_CONSISTENT_HEADER
19,ORD048,PROD010,QUARANTINED_OTHER,MIXED_ORDER_STATUS;UNREPRESENTABLE_SHIPMENT_STATUS
20,ORD048,PROD007,QUARANTINED_OTHER,MIXED_ORDER_STATUS;UNREPRESENTABLE_SHIPMENT_STATUS
21,ORD109,PROD001,QUARANTINED_OTHER,UNREPRESENTABLE_SHIPMENT_STATUS
22,ORD113,PROD010,QUARANTINED_OTHER,MIXED_ORDER_STATUS;UNREPRESENTABLE_SHIPMENT_STATUS
23,ORD113,PROD009,QUARANTINED_OTHER,MIXED_ORDER_STATUS;UNREPRESENTABLE_SHIPMENT_STATUS
24,ORD008,PROD010,IMPORTED,UNIQUE_LINE_AND_CONSISTENT_HEADER
25,ORD082,PROD006,QUARANTINED_OTHER,UNREPRESENTABLE_SHIPMENT_STATUS
26,ORD092,PROD001,QUARANTINED_OTHER,MIXED_ORDER_STATUS;UNREPRESENTABLE_SHIPMENT_STATUS
27,ORD092,PROD003,QUARANTINED_OTHER,MIXED_ORDER_STATUS;UNREPRESENTABLE_SHIPMENT_STATUS
28,ORD092,PROD004,QUARANTINED_OTHER,MIXED_ORDER_STATUS;UNREPRESENTABLE_SHIPMENT_STATUS
29,ORD131,PROD002,IMPORTED,UNIQUE_LINE_AND_CONSISTENT_HEADER
30,ORD137,PROD006,IMPORTED,UNIQUE_LINE_AND_CONSISTENT_HEADER
31,ORD015,PROD006,IMPORTED,UNIQUE_LINE_AND_CONSISTENT_HEADER
32,ORD015,PROD010,IMPORTED,UNIQUE_LINE_AND_CONSISTENT_HEADER
33,ORD112,PROD009,QUARANTINED_OTHER,UNREPRESENTABLE_SHIPMENT_STATUS
34,ORD107,PROD004,IMPORTED,UNIQUE_LINE_AND_CONSISTENT_HEADER
35,ORD108,PROD008,IMPORTED,UNIQUE_LINE_AND_CONSISTENT_HEADER
36,ORD039,PROD007,IMPORTED,UNIQUE_LINE_AND_CONSISTENT_HEADER
37,ORD039,PROD009,IMPORTED,UNIQUE_LINE_AND_CONSISTENT_HEADER
38,ORD051,PROD005,IMPORTED,UNIQUE_LINE_AND_CONSISTENT_HEADER
39,ORD104,PROD009,QUARANTINED_OTHER,MIXED_ORDER_STATUS;UNREPRESENTABLE_SHIPMENT_STATUS
40,ORD104,PROD010,QUARANTINED_OTHER,MIXED_ORDER_STATUS;UNREPRESENTABLE_SHIPMENT_STATUS
41,ORD104,PROD002,QUARANTINED_OTHER,MIXED_ORDER_STATUS;UNREPRESENTABLE_SHIPMENT_STATUS
42,ORD035,PROD002,IMPORTED,UNIQUE_LINE_AND_CONSISTENT_HEADER
43,ORD035,PROD009,IMPORTED,UNIQUE_LINE_AND_CONSISTENT_HEADER
44,ORD065,PROD007,IMPORTED,UNIQUE_LINE_AND_CONSISTENT_HEADER
45,ORD065,PROD004,IMPORTED,UNIQUE_LINE_AND_CONSISTENT_HEADER
46,ORD142,PROD010,IMPORTED,UNIQUE_LINE_AND_CONSISTENT_HEADER
47,ORD002,PROD006,IMPORTED,UNIQUE_LINE_AND_CONSISTENT_HEADER
48,ORD002,PROD008,IMPORTED,UNIQUE_LINE_AND_CONSISTENT_HEADER
49,ORD110,PROD005,QUARANTINED_AMBIGUOUS_PAIR,ORDER_CONTAINS_AMBIGUOUS_PAIR
50,ORD110,PROD005,QUARANTINED_AMBIGUOUS_PAIR,ORDER_CONTAINS_AMBIGUOUS_PAIR
51,ORD124,PROD003,IMPORTED,UNIQUE_LINE_AND_CONSISTENT_HEADER
52,ORD024,PROD002,QUARANTINED_OTHER,MIXED_ORDER_STATUS;UNREPRESENTABLE_SHIPMENT_STATUS
53,ORD024,PROD009,QUARANTINED_OTHER,MIXED_ORDER_STATUS;UNREPRESENTABLE_SHIPMENT_STATUS
54,ORD075,PROD001,QUARANTINED_OTHER,UNREPRESENTABLE_SHIPMENT_STATUS
55,ORD103,PROD003,IMPORTED,UNIQUE_LINE_AND_CONSISTENT_HEADER
56,ORD103,PROD002,IMPORTED,UNIQUE_LINE_AND_CONSISTENT_HEADER
57,ORD086,PROD002,IMPORTED,UNIQUE_LINE_AND_CONSISTENT_HEADER
58,ORD086,PROD001,IMPORTED,UNIQUE_LINE_AND_CONSISTENT_HEADER
59,ORD037,PROD009,IMPORTED,UNIQUE_LINE_AND_CONSISTENT_HEADER
60,ORD041,PROD007,IMPORTED,UNIQUE_LINE_AND_CONSISTENT_HEADER
61,ORD146,PROD003,IMPORTED,UNIQUE_LINE_AND_CONSISTENT_HEADER
62,ORD146,PROD006,IMPORTED,UNIQUE_LINE_AND_CONSISTENT_HEADER
63,ORD064,PROD006,IMPORTED,UNIQUE_LINE_AND_CONSISTENT_HEADER
64,ORD064,PROD008,IMPORTED,UNIQUE_LINE_AND_CONSISTENT_HEADER
65,ORD064,PROD003,IMPORTED,UNIQUE_LINE_AND_CONSISTENT_HEADER
66,ORD119,PROD010,IMPORTED,UNIQUE_LINE_AND_CONSISTENT_HEADER
67,ORD129,PROD010,IMPORTED,UNIQUE_LINE_AND_CONSISTENT_HEADER
68,ORD066,PROD005,QUARANTINED_AMBIGUOUS_PAIR,ORDER_CONTAINS_AMBIGUOUS_PAIR
69,ORD066,PROD005,QUARANTINED_AMBIGUOUS_PAIR,ORDER_CONTAINS_AMBIGUOUS_PAIR
70,ORD066,PROD002,QUARANTINED_OTHER,ORDER_CONTAINS_AMBIGUOUS_PAIR
71,ORD145,PROD007,IMPORTED,UNIQUE_LINE_AND_CONSISTENT_HEADER
72,ORD145,PROD010,IMPORTED,UNIQUE_LINE_AND_CONSISTENT_HEADER
73,ORD145,PROD002,IMPORTED,UNIQUE_LINE_AND_CONSISTENT_HEADER
74,ORD089,PROD001,IMPORTED,UNIQUE_LINE_AND_CONSISTENT_HEADER
75,ORD091,PROD001,IMPORTED,UNIQUE_LINE_AND_CONSISTENT_HEADER
76,ORD054,PROD008,QUARANTINED_AMBIGUOUS_PAIR,ORDER_CONTAINS_AMBIGUOUS_PAIR
77,ORD054,PROD008,QUARANTINED_AMBIGUOUS_PAIR,ORDER_CONTAINS_AMBIGUOUS_PAIR
78,ORD054,PROD008,QUARANTINED_AMBIGUOUS_PAIR,ORDER_CONTAINS_AMBIGUOUS_PAIR
79,ORD059,PROD005,IMPORTED,UNIQUE_LINE_AND_CONSISTENT_HEADER
80,ORD059,PROD004,IMPORTED,UNIQUE_LINE_AND_CONSISTENT_HEADER
81,ORD059,PROD002,IMPORTED,UNIQUE_LINE_AND_CONSISTENT_HEADER
82,ORD042,PROD003,QUARANTINED_AMBIGUOUS_PAIR,ORDER_CONTAINS_AMBIGUOUS_PAIR;UNREPRESENTABLE_SHIPMENT_STATUS
83,ORD042,PROD003,QUARANTINED_AMBIGUOUS_PAIR,ORDER_CONTAINS_AMBIGUOUS_PAIR;UNREPRESENTABLE_SHIPMENT_STATUS
84,ORD042,PROD008,QUARANTINED_OTHER,ORDER_CONTAINS_AMBIGUOUS_PAIR;UNREPRESENTABLE_SHIPMENT_STATUS
85,ORD115,PROD005,IMPORTED,UNIQUE_LINE_AND_CONSISTENT_HEADER
86,ORD115,PROD008,IMPORTED,UNIQUE_LINE_AND_CONSISTENT_HEADER
87,ORD115,PROD007,IMPORTED,UNIQUE_LINE_AND_CONSISTENT_HEADER
88,ORD050,PROD006,IMPORTED,UNIQUE_LINE_AND_CONSISTENT_HEADER
89,ORD050,PROD003,IMPORTED,UNIQUE_LINE_AND_CONSISTENT_HEADER
90,ORD050,PROD007,IMPORTED,UNIQUE_LINE_AND_CONSISTENT_HEADER
91,ORD005,PROD003,IMPORTED,UNIQUE_LINE_AND_CONSISTENT_HEADER
92,ORD005,PROD010,IMPORTED,UNIQUE_LINE_AND_CONSISTENT_HEADER
93,ORD120,PROD002,IMPORTED,UNIQUE_LINE_AND_CONSISTENT_HEADER
94,ORD120,PROD003,IMPORTED,UNIQUE_LINE_AND_CONSISTENT_HEADER
95,ORD120,PROD007,IMPORTED,UNIQUE_LINE_AND_CONSISTENT_HEADER
96,ORD143,PROD003,QUARANTINED_AMBIGUOUS_PAIR,ORDER_CONTAINS_AMBIGUOUS_PAIR
97,ORD143,PROD003,QUARANTINED_AMBIGUOUS_PAIR,ORDER_CONTAINS_AMBIGUOUS_PAIR
98,ORD031,PROD002,IMPORTED,UNIQUE_LINE_AND_CONSISTENT_HEADER
99,ORD032,PROD002,IMPORTED,UNIQUE_LINE_AND_CONSISTENT_HEADER
100,ORD032,PROD003,IMPORTED,UNIQUE_LINE_AND_CONSISTENT_HEADER
101,ORD085,PROD008,IMPORTED,UNIQUE_LINE_AND_CONSISTENT_HEADER
102,ORD085,PROD009,IMPORTED,UNIQUE_LINE_AND_CONSISTENT_HEADER
103,ORD033,PROD005,QUARANTINED_OTHER,MIXED_ORDER_STATUS;UNREPRESENTABLE_SHIPMENT_STATUS
104,ORD033,PROD007,QUARANTINED_OTHER,MIXED_ORDER_STATUS;UNREPRESENTABLE_SHIPMENT_STATUS
105,ORD106,PROD004,IMPORTED,UNIQUE_LINE_AND_CONSISTENT_HEADER
106,ORD106,PROD001,IMPORTED,UNIQUE_LINE_AND_CONSISTENT_HEADER
107,ORD030,PROD009,IMPORTED,UNIQUE_LINE_AND_CONSISTENT_HEADER
108,ORD114,PROD010,IMPORTED,UNIQUE_LINE_AND_CONSISTENT_HEADER
109,ORD114,PROD007,IMPORTED,UNIQUE_LINE_AND_CONSISTENT_HEADER
110,ORD114,PROD005,IMPORTED,UNIQUE_LINE_AND_CONSISTENT_HEADER
111,ORD014,PROD007,IMPORTED,UNIQUE_LINE_AND_CONSISTENT_HEADER
112,ORD014,PROD009,IMPORTED,UNIQUE_LINE_AND_CONSISTENT_HEADER
113,ORD014,PROD006,IMPORTED,UNIQUE_LINE_AND_CONSISTENT_HEADER
114,ORD127,PROD009,QUARANTINED_OTHER,UNREPRESENTABLE_SHIPMENT_STATUS
115,ORD084,PROD004,QUARANTINED_OTHER,UNREPRESENTABLE_SHIPMENT_STATUS
116,ORD122,PROD003,IMPORTED,UNIQUE_LINE_AND_CONSISTENT_HEADER
117,ORD100,PROD010,IMPORTED,UNIQUE_LINE_AND_CONSISTENT_HEADER
118,ORD100,PROD005,IMPORTED,UNIQUE_LINE_AND_CONSISTENT_HEADER
119,ORD049,PROD008,IMPORTED,UNIQUE_LINE_AND_CONSISTENT_HEADER
120,ORD049,PROD002,IMPORTED,UNIQUE_LINE_AND_CONSISTENT_HEADER
121,ORD095,PROD004,IMPORTED,UNIQUE_LINE_AND_CONSISTENT_HEADER
122,ORD095,PROD006,IMPORTED,UNIQUE_LINE_AND_CONSISTENT_HEADER
123,ORD095,PROD010,IMPORTED,UNIQUE_LINE_AND_CONSISTENT_HEADER
124,ORD098,PROD006,IMPORTED,UNIQUE_LINE_AND_CONSISTENT_HEADER
125,ORD045,PROD004,QUARANTINED_OTHER,MIXED_ORDER_STATUS;UNREPRESENTABLE_SHIPMENT_STATUS
126,ORD045,PROD005,QUARANTINED_OTHER,MIXED_ORDER_STATUS;UNREPRESENTABLE_SHIPMENT_STATUS
127,ORD144,PROD006,IMPORTED,UNIQUE_LINE_AND_CONSISTENT_HEADER
128,ORD144,PROD009,IMPORTED,UNIQUE_LINE_AND_CONSISTENT_HEADER
129,ORD144,PROD005,IMPORTED,UNIQUE_LINE_AND_CONSISTENT_HEADER
130,ORD102,PROD010,IMPORTED,UNIQUE_LINE_AND_CONSISTENT_HEADER
131,ORD102,PROD004,IMPORTED,UNIQUE_LINE_AND_CONSISTENT_HEADER
132,ORD126,PROD006,IMPORTED,UNIQUE_LINE_AND_CONSISTENT_HEADER
133,ORD126,PROD010,IMPORTED,UNIQUE_LINE_AND_CONSISTENT_HEADER
134,ORD126,PROD001,IMPORTED,UNIQUE_LINE_AND_CONSISTENT_HEADER
135,ORD071,PROD001,IMPORTED,UNIQUE_LINE_AND_CONSISTENT_HEADER
136,ORD034,PROD003,IMPORTED,UNIQUE_LINE_AND_CONSISTENT_HEADER
137,ORD034,PROD009,IMPORTED,UNIQUE_LINE_AND_CONSISTENT_HEADER
138,ORD134,PROD003,IMPORTED,UNIQUE_LINE_AND_CONSISTENT_HEADER
139,ORD116,PROD003,IMPORTED,UNIQUE_LINE_AND_CONSISTENT_HEADER
140,ORD150,PROD002,IMPORTED,UNIQUE_LINE_AND_CONSISTENT_HEADER
141,ORD128,PROD010,IMPORTED,UNIQUE_LINE_AND_CONSISTENT_HEADER
142,ORD044,PROD007,QUARANTINED_OTHER,UNREPRESENTABLE_SHIPMENT_STATUS
143,ORD044,PROD002,QUARANTINED_OTHER,UNREPRESENTABLE_SHIPMENT_STATUS
144,ORD044,PROD006,QUARANTINED_OTHER,UNREPRESENTABLE_SHIPMENT_STATUS
145,ORD063,PROD004,IMPORTED,UNIQUE_LINE_AND_CONSISTENT_HEADER
146,ORD079,PROD007,IMPORTED,UNIQUE_LINE_AND_CONSISTENT_HEADER
147,ORD026,PROD005,IMPORTED,UNIQUE_LINE_AND_CONSISTENT_HEADER
148,ORD026,PROD007,IMPORTED,UNIQUE_LINE_AND_CONSISTENT_HEADER
149,ORD036,PROD004,IMPORTED,UNIQUE_LINE_AND_CONSISTENT_HEADER
150,ORD036,PROD005,IMPORTED,UNIQUE_LINE_AND_CONSISTENT_HEADER
151,ORD081,PROD010,QUARANTINED_OTHER,MIXED_ORDER_STATUS;UNREPRESENTABLE_SHIPMENT_STATUS
152,ORD081,PROD005,QUARANTINED_OTHER,MIXED_ORDER_STATUS;UNREPRESENTABLE_SHIPMENT_STATUS
153,ORD020,PROD007,IMPORTED,UNIQUE_LINE_AND_CONSISTENT_HEADER
154,ORD072,PROD001,IMPORTED,UNIQUE_LINE_AND_CONSISTENT_HEADER
155,ORD072,PROD007,IMPORTED,UNIQUE_LINE_AND_CONSISTENT_HEADER
156,ORD058,PROD001,IMPORTED,UNIQUE_LINE_AND_CONSISTENT_HEADER
157,ORD058,PROD009,IMPORTED,UNIQUE_LINE_AND_CONSISTENT_HEADER
158,ORD011,PROD003,IMPORTED,UNIQUE_LINE_AND_CONSISTENT_HEADER
159,ORD125,PROD001,IMPORTED,UNIQUE_LINE_AND_CONSISTENT_HEADER
160,ORD125,PROD001,REJECTED_EXACT_COPY,IDENTICAL_ALL_SOURCE_FIELDS_KEEP_EARLIEST_ROW
161,ORD125,PROD006,IMPORTED,UNIQUE_LINE_AND_CONSISTENT_HEADER
162,ORD101,PROD003,IMPORTED,UNIQUE_LINE_AND_CONSISTENT_HEADER
163,ORD101,PROD006,IMPORTED,UNIQUE_LINE_AND_CONSISTENT_HEADER
164,ORD023,PROD006,IMPORTED,UNIQUE_LINE_AND_CONSISTENT_HEADER
165,ORD007,PROD002,IMPORTED,UNIQUE_LINE_AND_CONSISTENT_HEADER
166,ORD025,PROD004,QUARANTINED_OTHER,MIXED_ORDER_STATUS;UNREPRESENTABLE_SHIPMENT_STATUS
167,ORD025,PROD002,QUARANTINED_OTHER,MIXED_ORDER_STATUS;UNREPRESENTABLE_SHIPMENT_STATUS
168,ORD025,PROD008,QUARANTINED_OTHER,MIXED_ORDER_STATUS;UNREPRESENTABLE_SHIPMENT_STATUS
169,ORD038,PROD001,IMPORTED,UNIQUE_LINE_AND_CONSISTENT_HEADER
170,ORD147,PROD006,IMPORTED,UNIQUE_LINE_AND_CONSISTENT_HEADER
171,ORD062,PROD002,IMPORTED,UNIQUE_LINE_AND_CONSISTENT_HEADER
172,ORD062,PROD005,IMPORTED,UNIQUE_LINE_AND_CONSISTENT_HEADER
173,ORD056,PROD008,QUARANTINED_AMBIGUOUS_PAIR,ORDER_CONTAINS_AMBIGUOUS_PAIR;MIXED_ORDER_STATUS;UNREPRESENTABLE_SHIPMENT_STATUS
174,ORD056,PROD008,QUARANTINED_AMBIGUOUS_PAIR,ORDER_CONTAINS_AMBIGUOUS_PAIR;MIXED_ORDER_STATUS;UNREPRESENTABLE_SHIPMENT_STATUS
175,ORD105,PROD008,IMPORTED,UNIQUE_LINE_AND_CONSISTENT_HEADER
176,ORD068,PROD004,IMPORTED,UNIQUE_LINE_AND_CONSISTENT_HEADER
177,ORD068,PROD009,IMPORTED,UNIQUE_LINE_AND_CONSISTENT_HEADER
178,ORD073,PROD004,IMPORTED,UNIQUE_LINE_AND_CONSISTENT_HEADER
179,ORD022,PROD004,IMPORTED,UNIQUE_LINE_AND_CONSISTENT_HEADER
180,ORD018,PROD003,IMPORTED,UNIQUE_LINE_AND_CONSISTENT_HEADER
181,ORD060,PROD009,IMPORTED,UNIQUE_LINE_AND_CONSISTENT_HEADER
182,ORD060,PROD005,IMPORTED,UNIQUE_LINE_AND_CONSISTENT_HEADER
183,ORD060,PROD010,IMPORTED,UNIQUE_LINE_AND_CONSISTENT_HEADER
